{
  "components": {
    "seeds": {
      "PetriNet": {
        "src": "src/seeds/petrinet"
      }
    },
    "plugins": {
      "PetriNetExporter": {
        "src": "src/plugins/petrinetxporter",
        "test": "test/plugins/PetriNetExporter"
      }
    },
    "decorators": {
      "PetriNetDecorator": {
        "src": "src/decorators/PetriNetDecorator"
      }
    },

    "visualizers": {
      "CompositeViz": {
        "src": "panels/CompositeViz/CompositeVizPanel",
        "title": "CompositeViz",
        "panel": "src/visualizers/panels/CompositeViz",
        "secondary": false,
        "widget": "src/visualizers/widgets/CompositeViz"
      }    
    }
  },
  "dependencies": {
    "seeds": {},
    "plugins": {},
    "decorators": {},
    "visualizers": {}
  }
}